State,Metropolitan Area,Masjid Name,Masjid Location,Phone Number
Alberta,Calgary Metro,Calgary Southwest Masjid,"5615 14th Avenue SW, Calgary, AB",(403) 242-1615
Alberta,Calgary Metro,Islamic Information Society of Calgary,"207 4th Street NE, Calgary, AB",(403) 261-7601
Alberta,Calgary Metro,Downtown Masjid,"131 7th Avenue SW, Calgary, AB",
Alberta,Calgary Metro,South Musallah,"539 Queensland Drive SE, Calgary, AB",
Alberta,Calgary Metro,IISC Downtown Calgary Mosque,"1009 7th Ave SW, Calgary, AB",(403) 453-1330
Alberta,Calgary Metro,Akram Jomaa,"2612 37th Avenue NE, Calgary, AB",(403) 219-0991
Alberta,Calgary Metro,Lady Khadijah Musallah,"1440 17th Avenue SW, Calgary, AB",(403) 397-1275
Alberta,Calgary Metro,Musallah Al Huda,"104 5701 17th Avenue SE, Calgary, AB",(403) 667-4034
Alberta,Calgary Metro,Taravista Mussallah,"150 Taravista Drive NE, Calgary, AB",(403) 617-5246
Alberta,Calgary Metro,Lethbridge Islamic Centre,"501 13 Street South, Lethbridge, AB",(403) 328-8499
Alberta,Calgary Metro,Downtown Mussalla (Main),"225 8th Avenue SE, Calgary, AB",
Alberta,Calgary Metro,Brooks Masjid,"City Centre, Brooks, AB",(403) 362-3960
Alberta,Calgary Metro,Al Falah Musallah,"2640 52 Street NE, Calgary, AB",
Alberta,Calgary Metro,Musalla Ahlus-Sunnah,"3515 17 Avenue SE, Calgary, AB",(403) 714-0033
Alberta,Calgary Metro,Al-Salam Centre,"6415 Ranchview Drive NW, Calgary, AB",(403) 451-8861
Alberta,Calgary Metro,Al Madinah Calgary Islamic Assembly,"4616 80th Avenue NE, Calgary, AB",(403) 590-8200
Alberta,Edmonton Metro,Al Rashid Masjid,"13070 113th Street, Edmonton, AB",(780) 451-6694
Alberta,Edmonton Metro,Markaz ul Islam Mosque,"7907 36th Avenue, Edmonton, AB",(780) 450-6170
Alberta,Edmonton Metro,Muslim Community of Edmonton,"10721 86 Avenue NW, Edmonton, AB",(780) 432-0208
Alberta,Edmonton Metro,Sahaba Mosque,"9216 105th Avenue, Edmonton, AB",(780) 426-3632
Alberta,Edmonton Metro,Quba Masjid,"10210 118 Avenue NW, Edmonton, AB",(780) 426-6373
Alberta,Edmonton Metro,Masjid Noor,"3032 106 Street NW, Edmonton, AB",(780) 490-6800
Alberta,Edmonton Metro,Al Ikhwan Youth Center,"3442 93 Street NW, Edmonton, AB",(780) 463-3436
Alberta,Edmonton Metro,Rahma Masjid,"6102 172 Street NW, Edmonton, AB",(780) 443-3200
Alberta,Edmonton Metro,Khatam Al Anbiya Islamic Centre,"8313 Argyll Road NW, Edmonton, AB",(780) 757-2877
Alberta,Edmonton Metro,Al Rashid Mosque Museum,"7000 143rd Street, Edmonton, AB",(780) 807-1116
Alberta,Edmonton Metro,Salahuddeen Mosque,"195 Douglas Avenue, Red Deer, AB",(403) 342-5383
Alberta,Edmonton Metro,Wetaskiwin & Leduc Mosque,"5402 47Ath Avenue, Wetaskiwin, AB",(780) 352-4578
Alberta,Edmonton Metro,Al-Ameen Islamic Center,"5410 122nd Avenue, Edmonton, AB",(780) 471-5585
Alberta,Edmonton Metro,Majilis-E-Durood-O-Salam,"34th Avenue NW & 93rd Street NW, Edmonton, AB",(780) 660-0780
Alberta,Edmonton Metro,Michener Park Prayer Room,"1 Michener Park NW, Edmonton, AB",
Alberta,Edmonton Metro,Madina Masjid,"12842 52 Street NW, Edmonton, AB",(780) 498-2999
Alberta,Edmonton Metro,Dar al Sunnah ,"9228 144 Avenue NW, Edmonton, AB",(780) 761-3326
Alberta,Edmonton Metro,Fort Saskatchewan Musallah,"9225 84 Street, Fort Saskatchewan, AB",(905) 921-3269
Alberta,Edmonton Metro,Markazul Iman,"11748 95 Street NW, Edmonton, AB",(780) 200-5034
Alberta,Edmonton Metro,Edmonton Islamic Centre,"6502 137 Avenue NW, Edmonton, AB",
Alberta,Edmonton Metro,Islamic Society of Edson ,"4831 4 Avenue, Edson, AB",(780) 504-7257
Alberta,Edmonton Metro,Masjid At-Taqwa,"10654 101 Street NW, Edmonton, AB",(780) 705-7525
Alberta,Edmonton Metro,Al-Falah Masjid,"4416 36th Avenue NW, Edmonton, AB",(780) 952-0786
Alberta,Edmonton Metro,MAC Islamic Centre,"6104 172 Street NW, Edmonton, AB",(780) 443-3200
Alberta,Edmonton Metro,Al-Falah Center,"2401 47th Street NW, Edmonton, AB",(780) 988-2239
Alberta,Northern Alberta,Al Kareem Mosque,"10223 94th Avenue, Lac Labiche, AB",(780) 623-4578
Alberta,Northern Alberta,Slave Lake Muslim Society,"700 6th Street SE, Slave Lake, AB",(780) 849-9665
Alberta,Northern Alberta,Markaz Ul Islam,"9904 Gordon Avenue, Fort McMurray, AB",(780) 791-1602
Alberta,Northern Alberta,Islamic Association of Grande Prairie ,"10117 101 Avenue, Grande Prairie, AB",
Alberta,Northern Alberta,Northern Lights Islamic Centre,"5003 50 Avenue, Cold Lake, AB",(780) 639-2212
Alberta,Northern Alberta,Peace Country Islamic Centre,"9714 90th Avenue, Peace River, AB",(780) 219-4398
British Columbia,Eastern Suburbs,Masjid al-Hidayah,"2626 Kingsway Avenue, Port Coquitlam, BC",(604) 945-1885
British Columbia,Eastern Suburbs,Masjid al-Salaam,"5060 Canada Way, Burnaby, BC",(604) 524-4499
British Columbia,Eastern Suburbs,Metrotown Area Musalla,"6125 Sussex Avenue, Burnaby, BC",(604) 715-4096
British Columbia,Eastern Suburbs,New Westminster Islamic Society,"1206 Kingston Street, New Westminster, BC",(604) 789-0909
British Columbia,North Vancouver,Masjid Ar-Rahman Foundation,"1390 West 15 Street, North Vancouver, BC",(604) 929-0800
British Columbia,Southern Suburbs,Al-Iman Islamic Centre,"13478 78th Avenue, Surrey, BC",(604) 593-5123
British Columbia,Southern Suburbs,White Rock Muslim Association,"15531 24th Avenue, Surrey, BC",(604) 537-9407
British Columbia,Southern Suburbs,Surrey Jamea Masjid,"12407 72th Avenue, Surrey, BC",(604) 591-7601
British Columbia,Southern Suburbs,Fleetwood Islamic Centre,"8468 162th Street, Surrey, BC",(604) 640-2888
British Columbia,Southern Suburbs,Masjid al-Huda,"14136 Grosvenor Road, Surrey, BC",(604) 585-4832
British Columbia,Southern Suburbs,Abbotsford Mussalah,"3404 Townline Road, Abbotsford, BC",
British Columbia,Southern Suburbs,Chilliwack Islamic Centre,"45845 Yale Road West, Chilliwack, BC",(604) 701-2014
British Columbia,Southern Suburbs,Abbotsford Islamic Centre,"1980 Salton Road, Abbotsford, BC",(604) 302-0105
British Columbia,Southern Suburbs,Musallah Abu Bakr,"7825 Edmonds Street, Burnaby, BC",(604) 715-7421
British Columbia,Southern Suburbs,Guildford Islamic Cultural Center,"15290 103A Avenue, Surrey, BC",(604) 670-6732
British Columbia,Southern Suburbs,Abu Bakr Islamic Centre,"7375 144 Street, Surrey, BC",(778) 564-3717
British Columbia,Southern Suburbs,Amir Hamza Musallah,"9250 Scott Road, Surrey, BC",(604) 715-4096
British Columbia,Southern Suburbs,Kennedy Hall,"8870 120 Street, Surrey, BC",
British Columbia,Southern Suburbs,Richmond Jami'a Mosque,"12300 Blundell Road, Richmond, BC",(604) 270-2522
British Columbia,Southern Suburbs,Al-Noor Mosque,"13526 98A Avenue, Surrey, BC",(604) 584-1881
British Columbia,Southern Suburbs,Al Rahmah Masjid,"13585 62 Avenue, Surrey, BC",(604) 591-7601
British Columbia,Vancouver City Centre,Masjid Omar al-Farooq,"1659 East 10th Avenue, Vancouver, BC",(604) 873-8580
British Columbia,Vancouver City Centre,Masjid al-Haqq,"4162 Welwyn Street, Vancouver, BC",(604) 434-7526
British Columbia,Vancouver City Centre,Jamia Masjid Vancouver,"655 West 8th Avenue, Vancouver, BC",(604) 572-8961
British Columbia,Vancouver City Centre,Fraser Street Mussalla,"6436 Fraser Street, Vancouver, BC",
British Columbia,Vancouver City Centre,Vancouver Public Library Jumma,"350 West Georgia Street, Vancouver, BC",(604) 331-3603
British Columbia,Vancouver City Centre,Ajyal Centre & Mosque,"181 Keefer Street, Vancouver, BC",(604) 653-9480
British Columbia,Vancouver City Centre,Mercy Mission Salaat al-Jumuah,"4015 Fraser Street, Vancouver, BC",(604) 839-2165
British Columbia,Vancouver City Centre,MAC Centre,"2122 Kingsway, Vancouver, BC",(604) 434-7526
British Columbia,The Islands,Masjid Al-Iman,"2218 Quadra Street, Victoria, BC",(250) 995-1422
British Columbia,The Islands,Nanaimo Islamic Centre,"905 Hecate Street, Nanaimo, BC",(250) 754-3471
British Columbia,Thompson Okanagan,Masjid As-Salaam,"1120 Highway 33W, Kelowna, BC",(250) 979-1370
British Columbia,Thompson Okanagan,Ayesha Mosque,"2805 Hwy 5A, Kamloops, BC",(250) 377-7477
British Columbia,Thompson Okanagan,Vernon Mosque & Islamic Centre,"3414 17 Avenue, Vernon, BC",(250) 549-7442
British Columbia,Thompson Okanagan,British Columbia Muslim Association,"261-265 Foothills Blvd, Prince George, BC",(250) 277-1791
British Columbia,Thompson Okanagan,Peace River Muslim Association,"9715 102 Street, Fort Saint John, BC",(250) 262-1929
Manitoba,Winnipeg,Manitoba Islamic Center,"247 Hazelwood Avenue, Winnipeg, MB",(204) 256-1347
Manitoba,Winnipeg,Islamic Centre of Brandon,"123 Rosser Avenue East, Brandon, MB",(204) 728-5314
Manitoba,Winnipeg,TMA Jummah,"365 Thompson Drive North, Thompson, MB",(204) 778-8553
Manitoba,Winnipeg,University of Manitoba MSA,"125 Education Building, University of Manitoba, Winnipeg, MB",
Manitoba,Winnipeg,Health Science Centre,"820 Sherbrook Street, Winnipeg, MB",
Manitoba,Winnipeg,University of Winnipeg MSA,"515 Portage Avenue, Winnipeg, MB",
Manitoba,Winnipeg,Pakistani Association,"348 Ross Avenue, Winnipeg, MB",(204) 943-6928
Manitoba,Winnipeg,Islamic Education Foundation,"731 Wellington Avenue, Winnipeg, MB",
Manitoba,Winnipeg,Winnipeg Central Mosque,"715 Ellice Avenue, Winnipeg, MB",(204) 783-6797
Manitoba,Winnipeg,Waverley Masjid,"2445 Waverley Street, Winnipeg, MB",
Manitoba,Winnipeg,Zubaidah Tallab Masjid,"335 Thompson Drive North, Thompson, MB",(204) 778-6721
Manitoba,Winnipeg,Winnipeg Islamic Center,"431 Thames Avenue, Winnipeg, MB",(204) 979-3400
Manitoba,Winnipeg,Manitoba Dawah Center,"368 Edmonton Street, Winnipeg, MB",(204) 415-0351
Manitoba,Winnipeg,Salam Masjid,"294 Burrows Avenue, Winnipeg, MB",
New Brunswick,Coastal,Bathurst Mosque,"1794 Sunset Drive, Bathurst, NB",(506) 548-8764
New Brunswick,Coastal,Bathurst Sycamore Mosque,"1010 Sycamore Avenue, Bathurst, NB",(506) 548-8764
New Brunswick,Frederickton,Fredericton Islamic Association,"130 Lincoln Road, Fredericton, NB",(506) 462-9006
New Brunswick,Frederickton,Musalla Uptown Saint John,"215 Charlotte Street, St John, NB",(506) 721-3998
New Brunswick,Frederickton,Université de Moncton Musallah,"18 Antonine-Maillet Avenue, Moncton, NB",
New Brunswick,Frederickton,Miramichi Islamic Centre,"514 Water Street, Miramichi, NB",
New Brunswick,Frederickton,Abu Huraira Mosque,"370 Somerset Street, Saint John, NB",(506) 609-0089
New Brunswick,Moncton,Moncton Muslim Association,"99 High Street, Moncton, NB",(506) 386-1179
New Brunswick,St. Johns,Muslim Association of New Brunswick,"1100 Rothesay Road, Saint John, NB",(506) 633-1675
New Brunswick,St. Johns,Muslim Students Association of UNBSJ,"100 Tucker Park Road Annex B, St. John, NB",
New Brunswick,St. Johns,Musalla Uptown Saint John,"213 Charlotte Street, Saint John, NB",(506) 721-6934
New Brunswick,Western,Muslim Community Center of Edmundston,"106 Rue de l'Église, Edmundston, NB",
Newfoundland,St. Johns,Al Noor Masjid,"430 Logy Bay Road, St. Johns, NL",(709) 754-7526
Northwest Territories,Yellowknife,Islamic Centre of Yellowknife,"4100 Franklin Avenue, Yellowknife, NW",(867) 766-3124
Northwest Territories,Yellowknife,Midnight Sun Mosque,"29 Wolverine, Box 2171, Inuvik, NT",(867) 678-0733
Nova Scotia,Cape Breton Island,Cape Breton Muslim Society,"70 James Street, Sydney, NS",(902) 577-0044
Nova Scotia,Cape Breton Island,Antigonish Muslim Association ,"St. Francis Xavier University, Antigonish, NS",
Nova Scotia,Halifax,Nova Scotia Islamic Community Center,"777 Kearney Lake Road, Bedford, NS",(902) 832-6300
Nova Scotia,Halifax,IANS Dartmouth Masjid,"42 Leaman Drive, Dartmouth, NS",(902) 469-9490
Nova Scotia,Halifax,Ummah Masjid & Community Center,"6225 Chebucto Road, Halifax, NS",(902) 429-9067
Nova Scotia,Halifax,IANS Truro Masjid,"533 Pictou Road, Truro, NS",(902) 469-9490
Nova Scotia,Halifax,United Muslims of Halifax,"19 Alma Crescent, Halifax, NS",(902) 401-3577
Nova Scotia,Halifax,Nova Scotia Islamic Community Centre,"2141 Larry Uteck Blvd., Halifax, NS",(902) 832-6300
Nova Scotia,Halifax,Center of Islamic Development,"2728 Robie Street, Halifax, NS",(902) 455-1887
Ontario,Downtown,Parkdale Islamic Community Centre,"1285 Queen Street West, Toronto, ON",(416) 534-3669
Ontario,Downtown,Jami Mosque,"56 Boustead Avenue, Toronto, ON",(416) 769-1192
Ontario,Downtown,Masjid El Noor,"277 Scott Road, Toronto, ON",(416) 658-6667
Ontario,Downtown,Ummah Nabawiah Mosque,"2074 Kipling Avenue, Etobicoke, ON",(416) 748-8033
Ontario,Downtown,Masjid Ar-Rowda,"40 South Station Street, Toronto, ON",(416) 242-9996
Ontario,Downtown,Toronto Islamic Centre,"817 Yonge Street, Toronto, ON",(647) 808-5007
Ontario,Downtown,Masjid Toronto @ Adelaide,"84 Adelaide Street East, Toronto, ON",(416) 596-0507
Ontario,Downtown,Imdadul Islamic Centre,"26 Lepage Court, Toronto, ON",(416) 636-0044
Ontario,Downtown,Bosnian Islamic Association,"122 North Queen Street, Etobicoke, ON",
Ontario,Downtown,Abu Huraira Centre,"270 Yorkland Blvd., North York, ON",(416) 752-1200
Ontario,Downtown,Masjid Toronto,"168 Dundas Street West, Toronto, ON",(416) 596-0507
Ontario,Downtown,Turkish Islamic Centre,"336 Pape Avenue, Old Toronto, ON",
Ontario,Downtown,Albanian Muslim Society,"564 Annette Street, Toronto, ON",(416) 763-0612
Ontario,Downtown,Islamic Information and Dawah Centre,"1168 Bloor Street West, Toronto, ON",(416) 536-8433
Ontario,Downtown,Fatih Mosque,"182 Rhodes Avenue, Toronto, ON",(416) 462-1401
Ontario,Downtown,Taric Islamic Centre,"99 Beverley Hills Drive, Toronto, ON",(416) 245-5675
Ontario,Downtown,Bosnian Islamic Centre,"75 Birmingham Street, Etobicoke, ON",(416) 255-8338
Ontario,Downtown,Talim ul Islam Community Centre,"86 Rivalda Road, North York, ON",(416) 745-5606
Ontario,Downtown,Khalid bin Walid Mosque,"16 Bethridge Road, Etobicoke, ON",
Ontario,Downtown,Al Ansar Islamic Center,"43 Railside Road, Don Mills, ON",(416) 850-4998
Ontario,Downtown,Sudanese Islamic Centre,"1750 Victoria Park Avenue, Toronto, ON",(416) 288-0742
Ontario,Downtown,Nigerian Canadian Muslim Association,"190 Milvan Drive, Toronto, ON",(416) 747-0842
Ontario,Downtown,Paradise Forever Islamic Centre,"2045 Dufferin Street, Toronto, ON",(416) 607-6769
Ontario,Downtown,Danforth Islamic Centre,"3018A Danforth Avenue, Toronto, ON",(416) 916-2853
Ontario,Downtown,Darul Arqum Mosque,"595 Trethewey Drive, North York, ON",
Ontario,Downtown,Ethiopian Canadian Muslim Community Ass'n,"171 McCormack Street, Toronto, ON",(416) 658-0081
Ontario,Downtown,Jamaat Al Muminoon Islamic Centre,"246 Brockport Drive, Etobicoke, ON",(416) 783-5947
Ontario,Downtown,Dar AlHikma Centre,"36 Colville Road, Toronto, ON",
Ontario,Downtown,Masjidur Rahmah,"328 Parliament Street, Toronto, ON",(416) 854-7043
Ontario,Downtown,Dar-ul-Hijra Islamic Centre,"2050 Kipling Avenue, Etobicoke, ON",(416) 747-9991
Ontario,Downtown,Daru Al-Ullum,"842 Wilson Avenue, Toronto, ON",(647) 947-0997
Ontario,Downtown,Masjid Dar Us Salaam,"4 Thorncliffe Park Drive, Toronto, ON",(416) 467-0786
Ontario,Downtown,Masjidul-Furqaan & Islaamic Centre,"874 Weston Road, Toronto, ON",(416) 243-5320
Ontario,Downtown,Rexdale Jame Masjid,"127 Westmore Drive, Etobicoke, ON",(416) 744-3474
Ontario,Downtown,Masjid Al Sabur,"4081 Dufferin Street, Toronto, ON",(416) 636-6677
Ontario,Downtown,Madina Masjid,"1015 Danforth Avenue, Old Toronto, ON",(416) 465-7833
Ontario,Downtown,Masjid al Taqwa,"14 Ladysmith Avenue, Toronto, ON",(416) 406-6282
Ontario,Downtown,Masjid Omar Bin Al Khattab,"240 Parliament Street, Toronto, ON",(416) 861-9288
Ontario,Downtown,Darul Khair Islamic Centre,"35 St. Dennis Drive, North York, ON",(416) 423-7554
Ontario,Downtown,North York Muslim Association,"5120 Yonge Street, Toronto, ON",
Ontario,Downtown,Downtown Mosque,"100 Bond Street, Toronto, ON",(416) 596-6584
Ontario,Downtown,International Muslims Organization of Toronto,"65 Rexdale Blvd., Etobicoke, ON",(647) 533-8341
Ontario,Downtown,Bin Abbas Masjid,"1822 Weston Road, Toronto, ON",(416) 243-0105
Ontario,Downtown,Faizan-e-Madina,"595 Albion Road, Toronto, ON",(416) 278-1264
Ontario,Durham,Islamic Centre of Oshawa,"23 Lloyd Street, Oshawa, ON",
Ontario,Durham,Muslim Association of Whitby,"221 Kendalwood Road, Whitby, ON",(905) 404-9880
Ontario,Durham,Masjid Al Salaam,"784 Parkhill Road West, Peterborough, ON",
Ontario,Durham,Masjid Al Aqsaa,"43 Station Street, Ajax, ON",(905) 686-4003
Ontario,Durham,Al Rayan Islamic Center,"1660 King Street East, Courtice, ON",(905) 433-9255
Ontario,Durham,Pickering Islamic Centre,"2065 Brock Road North, Pickering, ON",(905) 426-7887
Ontario,Durham,Masjid Quba Ajax,"1501 Harwood Avenue North, Ajax, ON",
Ontario,Durham,Lindsay Islamic Centre,"280 Kent Street West, Lindsay, ON",
Ontario,Durham,Masjid Al Ummah,"1423 Thornton Road North, Oshawa, ON",(905) 903-0677
Ontario,Durham,Cobourg Muslim Community,"7 King Street West, Cobourg, ON",
Ontario,Durham,Port Perry Mosque,"1625 Scugog Street, Scugog, ON",(905) 985-0009
Ontario,Durham,Masjid Alhakeem,"139 King Street East, Bowmanville, ON",(647) 893-9170
Ontario,Durham,Sayyidah Zainab Muslim Community Centre,"40 Station Street, Ajax, ON",(647) 404-3050
Ontario,Durham,Jamiah ul-Uloom al-Islamiyah,"2944 Audley Road, Durham, ON",(905) 686-4003
Ontario,Halton,Halton Islamic Association Mosque,"4310 Fairview Street, Burlington, ON",(905) 333-9856
Ontario,Halton,Islamic Community Center of Milton,"8069 Esquesing Line, Milton, ON",(647) 547-2292
Ontario,Halton,Muslim Association of Milton,"511 South Ontario Street , Milton, ON",(416) 399-4072
Ontario,Halton,Muslim Association of Milton,"4269 Regional Road 25, Milton, ON",
Ontario,Halton,Masjid Al-Ihsan & Dar Foundation,"485 Morden Road, Oakville, ON",(289) 813-1025
Ontario,Halton,Masjid Noor-ul-Haram,"2478 9th Line, Oakville, ON",(905) 257-1342
Ontario,Halton,Al Falah Islamic Centre,"391 Burnhamthorpe Road East, Oakville, ON",(905) 257-4262
Ontario,Peel,Anatolia Islamic Centre,"5280 Maingate Drive, Mississauga, ON",(905) 629-0477
Ontario,Peel,Masjid Al-Farooq,"935 Eglinton Avenue West, Mississauga, ON",(905) 858-7586
Ontario,Peel,Malton Islamic Centre,"6836 Professional Court, Mississauga, ON",(905) 671-2911
Ontario,Peel,Jamia Al Mustafa,"2505 Dixie Road, Mississauga, ON",(905) 270-4900
Ontario,Peel,Al Huda Institute,"5671 McAdam Road, Mississauga, ON",(647) 449-6679
Ontario,Peel,Brampton Islamic Centre,"6 Lowry Drive, Brampton, ON",(905) 459-9444
Ontario,Peel,Sayeda Khadija Centre,"7150 Edwards Blvd., Mississauga, ON",(905) 564-5509
Ontario,Peel,Jamia RIyadhul Jannah,"6680 Campobello Road, Mississauga, ON",(905) 567-1784
Ontario,Peel,Masjid-E-Aqsa,"30 Rambler Drive, Brampton, ON",(647) 719-1112
Ontario,Peel,Dixie-Bloor Islamic Centre,"1355 Williamsport Drive, Mississauga, ON",
Ontario,Peel,Aziz Mahmud Hüdayi Vakfı,"951 Wilson Avenue, Toronto, ON",
Ontario,Peel,Huttonville Masjid,"2051 Embleton Road, Brampton, ON",(647) 887-4481
Ontario,Peel,Jame Masjid Mississauga,"5761 Coopers Avenue, Mississauga, ON",(905) 507-3323
Ontario,Peel,Masjid E Saliheen,"7097 Airport Road, Mississauga, ON",(905) 671-2798
Ontario,Peel,Dar al Tawheed Islamic Centre,"5550 McAdam Road, Mississauga, ON",(905) 712-8171
Ontario,Peel,Jamiat ul Ansar of Brampton,"391 Great Lakes Drive, Brampton, ON",(905) 796-7977
Ontario,Peel,Ar-Rashaad Learning Centre,"18 Automatic Road, Brampton, ON",(647) 608-7460
Ontario,Peel,Brampton Makki Masjid,"8450 Torbram Road, Brampton, ON",(905) 458-8778
Ontario,Peel,Islamic Forum of Canada,"200 Advance Blvd., Brampton, ON",(905) 790-8859
Ontario,Peel,Al Rahmah Masjid,"205 North Service Road, Mississauga, ON",(905) 275-1786
Ontario,Peel,Masjid Al-Mustafa,"2505 Dixie Road, Mississauga, ON",(905) 270-4900
Ontario,Peel,Meadowvale Islamic Centre,"6508 Winston Churchill Blvd., Mississauga, ON",(905) 824-2604
Ontario,Peel,Shalimar Complex Mosque,"3024 Cedarglen Gate, Mississauga, ON",(905) 897-8605
Ontario,Peel,Qasimul Ukoom Centre Canada,"6120 Montevideo Road, Mississauga, ON",(905) 997-7922
Ontario,Peel,Faizan-e-Madina,"1060 Britannia Road East, Mississauga, ON",(416) 648-2261
Ontario,Peel,Al-Eman Islamic Centre of Canada,"265 Enfield Place, Mississauga, ON",(647) 400-6769
Ontario,Peel,Al Fajr Islamic Learning & Cultural Centre,"188 Main Street South, Brampton, ON",(416) 786-7717
Ontario,Peel,Noon Academy Masjid,"12 Rutherford Road South, Brampton, ON",
Ontario,Peel,Qasim Ul-Uloom Islamic Centre,"24 Queen Street North, Mississauga, ON",(905) 997-7922
Ontario,Peel,The Straight Path Islamic Center,"105 Kennedy Road South, Brampton, ON",(416) 786-4947
Ontario,Peel,Islamic Center of Waterloo,"510 Erb Street West, Waterloo, ON",(519) 886-8470
Ontario,Peel,Wolfedale Road Masjid,"3450 Wolfedale Road, Mississauga, ON",(647) 400-6769
Ontario,Peel,Masjid Alsalam,"160 Salvation Road, Brampton, ON",(647) 376-5242
Ontario,Peel,Daru-Al-Ullum Education Centre,"16 Orfus Road, Toronto, ON",(647) 269-4020
Ontario,Peel,Ontario Muslim Academy Masjid,"146 Ballantyne Avenue, Cambridge, ON",(519) 618-9357
Ontario,Peel,Ovation Mosque,"3888 Duke of York Blvd., Mississauga, ON",
Ontario,Peel,North Valley Islamic Centre,"423 Wanless Drive, Brampton, ON",(647) 573-6655
Ontario,Peel,Istiqamah Islamic Centre of Ontario,"3410 Semenyk Court, Mississauga, ON",(905) 270-6999
Ontario,Peel,West End Islamic (WEI) Center,"4161 Sladeview Crescent, Mississauga, ON",(905) 369-9342
Ontario,Peel,Jamia Islamia Canada,"2380 Tedlo Street, Mississauga, ON",(905) 279-3040
Ontario,Peel,The Islamic Community Centre of Ontario,"2550 Dunwin Drive, Mississauga, ON",(289) 430-5171
Ontario,Peel,Masjid Adam,"1759 Bloor Street East, Mississauga, ON",(905) 602-7649
Ontario,Scarborough,Islamic Institute of Toronto,"1630 Neilson Road, Toronto, ON",(416) 335-9173
Ontario,Scarborough,NAMF Islamic Centre,"4140 Finch Avenue East, Scarborough, ON",(416) 299-1969
Ontario,Scarborough,Quran Hadith Society Of Canada,"2183A Lawrence Avenue East, Scarborough, ON",(416) 546-1414
Ontario,Scarborough,Subhan Mosque,"2956 Eglinton Avenue East, Toronto, ON",(416) 438-8118
Ontario,Scarborough,Namira Masjid,"3599 Sheppard Avenue East, Toronto, ON",(416) 901-9659
Ontario,Scarborough,Masjid Omar Farooq,"4640 Kingston Road, Scarborough, ON",(416) 281-3666
Ontario,Scarborough,Islamic Foundation of Toronto,"441 Nugget Avenue, Scarborough, ON",(416) 321-0909
Ontario,Scarborough,The Qur'an & Sunnah Society of Canada,"1865 Lawrence Avenue Eastjjnn, Scarborough, ON",(416) 751-9921
Ontario,Scarborough,Baitul Jannah Islamic Center,"2740 Kingston Road, Toronto, ON",(647) 855-2171
Ontario,Scarborough,Bilal Masjid,"256 Markham Road, Scarborough, ON",(416) 264-0505
Ontario,Scarborough,Masjid Huzaifa,"18 Progress Avenue, Toronto, ON",(416) 292-0015
Ontario,Scarborough,Baitul Aman,"3114 Danforth Avenue, Toronto, ON",(416) 691-4664
Ontario,Scarborough,Eslah Islamic Association,"4383 Kingston Road, Toronto, ON",
Ontario,Scarborough,Alrisalah Islamic Center,"1750A Victoria Park Avenue, Scarborough, ON",(416) 288-0742
Ontario,Scarborough,Masjid Al-Jannah,"2201 Ellesmere Road, Toronto, ON",(647) 342-7544
Ontario,Scarborough,Central Mosque Scarborough,"3667 Lawrence Avenue East, Scarborough, ON",(416) 439-3737
Ontario,Scarborough,Jamia Talimul Islam,"1100-1102 Birchmount Road, Scarborough, ON",(416) 461-8842
Ontario,Scarborough,Spiritual Society of Canada,"4 Old Kingston Road, Scarborough, ON",
Ontario,Scarborough,Munira Juba Tabligue Committee Canada,"250 Warden Avenue, Scarborough, ON",(416) 828-5787
Ontario,Scarborough,ICNA Canada Al-Fauz Centre,"156 Shorting Road, Scarborough, ON",(647) 724-8298
Ontario,Scarborough,Masjid Al Hidaya,"1100 Birchmount Road, Scarborough, ON",(416) 461-8842
Ontario,Scarborough,Daleel Islamic Association,"3545 Kingston Road, Scarborough, ON",(647) 871-6476
Ontario,Scarborough,Masjid Zakariya,"11140 Sheppard Avenue East, Scarborough, ON",(416) 284-7674
Ontario,Scarborough,Islamic Society of Willowdale,"3551 Victoria Park Avenue, Scarborough, ON",(416) 495-9021
Ontario,Scarborough,Scarborough Muslim Association,"2665 Lawrence Avenue East, Scarborough, ON",(416) 750-2253
Ontario,Scarborough,Masjid Usman Ghousi,"75 Kirkdene Drive, Toronto, ON",(905) 629-0477
Ontario,Scarborough,Baitul Mukaram Islamic Society,"3334 Danforth Avenue, Scarborough, ON",(416) 686-3037
Ontario,Scarborough,Sunnatul Jamaat of Ontario,"347 Danforth Road, Toronto, ON",(416) 690-2298
Ontario,Scarborough,Salahuddin Islamic Centre,"741 Kennedy Road, Toronto, ON",(416) 264-3900
Ontario,York,York Region Islamic Centre,"1380 Stouffville Road, Richmond Hill, ON",(905) 474-9292
Ontario,York,Al Nadwa Educational Islamic Centre,"10 Newkirk Road, Richmond Hill, ON",(905) 747-0774
Ontario,York,Vaughan Islamic Centre,"3175 Rutherford Road, Vaughan, ON",(289) 236-0842
Ontario,York,Darul-Khair Center,"6356 Main Street, Whitchurch-Stouffville, ON",(416) 292-1818
Ontario,York,Anatolia Islamic Centre,"73 Alness Street, North York, ON",(416) 650-1211
Ontario,York,Masjid Darul Iman,"1330 Castlemore Avenue, Markham, ON",(905) 208-8200
Ontario,York,Richmond Hill Muslim Association,"155 East Beaver Creek Road, Richmond Hill, ON",(905) 884-2765
Ontario,York,Aurora-Newmarket Islamic Centre,"700 Mulock Drive, Newmarket, ON",(905) 713-2434
Ontario,York,Islamic Society of Richmond Hill,"10481 Yonge Street, Richmond Hill, ON",(905) 884-8743
Ontario,York,Rahmat Centre,"9853 Leslie Street, Richmond Hill, ON",(416) 568-3775
Ontario,York,Alabrar Muslim Association,"158 Don Hillock Drive, Aurora, ON",
Ontario,York,Al-Qalam Islamic Community Center,"2430 Dufferin Street, North York, ON",(647) 435-8472
Ontario,York,Hadi Islamic Association,"40 South Station Street, York, ON",(416) 242-2217
Ontario,York,Learning Roots Community Centre,"2250 Sheppard Avenue West, North York, ON",(416) 833-2853
Ontario,York,Al Firdous Islamic Centre,"342A Marlee Avenue, North York, ON",(647) 833-5549
Ontario,York,Islamic Society of Markham,"2900 Denison Street, Markham, ON",(905) 294-7866
Ontario,York,Risalah Foundation,"193 Jardin Drive, Vaughan, ON",(905) 482-3300
Ontario,Central Ontario,Owen Sound Muslim Association,"895 7th Street East, Owen Sound, ON",(519) 270-7292
Ontario,Central Ontario,Port Elgin Musallah,"515 Goderich Street, Saugeen Shores, ON",(226) 668-2786
Ontario,Central Ontario,Noor ul-Islam Ontario,"155 Ferris Lane, Barrie, ON",(705) 812-0014
Ontario,Central Ontario,Jamia Faizan-e-Mustafa,"274 Burton Avenue, Barrie, ON",(705) 770-1342
Ontario,Central Ontario,Kincardine Islamic Centre,"969 Queen Street, Kincardine, ON",
Ontario,Central Ontario,Bradford Islamic Centre,"136 Holland Street East, Bradford West Gwillimbury, ON",(647) 376-6873
Ontario,Central Ontario,Alliston Islamic Center,"Banting Drive, New Tecumseth, ON",(647) 746-3772
Ontario,Hamilton,Hamilton Mountain Mosque,"1545 Stone Church Road East, Hamilton, ON",(905) 383-1526
Ontario,Hamilton,Umar Mosque,"734 Rennie Street, Hamilton, ON",(905) 544-9016
Ontario,Hamilton,Cordoba House,"88 Forsyth Avenue North, Hamilton, ON",(905) 523-1555
Ontario,Hamilton,Bosnian Islamic Centre,"202 Barton Street, Stoney Creek, ON",(905) 662-3678
Ontario,Hamilton,Hamilton Downtown Musalla,"96 Wilson Street, Hamilton, ON",(905) 527-7371
Ontario,Hamilton,Muslim Association of Brantford,"192 Greenwich Street, Brantford, ON",(519) 753-2066
Ontario,Hamilton,Ibrahim Jame Mosque,"788 King Street East, Hamilton, ON",(905) 527-2392
Ontario,Hamilton,Hamilton Downtown Mosque,"221 York Blvd., Hamilton, ON",(905) 527-7371
Ontario,Kingston,The Islamic Society of Kingston,"1477 Sydenham Road, Kingston, ON",(613) 542-9000
Ontario,Kingston,Muslims Association Of Belleville,"33 Moira Street West, Belleville, ON",(613) 967-1212
Ontario,London,London Muslim Mosque,"151 Oxford Street West, London, ON",(519) 439-9451
Ontario,London,Islamic Centre of Southwest Ontario,"951 Pond Mills Road, London, ON",(519) 668-2269
Ontario,London,Darul Uloom Canada,"51 Prince Street North, Chatham-Kent, ON",(519) 360-1028
Ontario,London,Sarnia Masjid,"281 Cobden Street, Sarnia, ON",(519) 337-2304
Ontario,London,Bosnian Canadian Islamic Centre,"41 Holborn Avenue, London, ON",
Ontario,London,Muslim Youth Association of London,"889 Wellingsboro Road, London, ON",(519) 691-0002
Ontario,London,Prayer Room,"Hutton Place, London, ON",
Ontario,London,Stratford Mosque,"97 Woods Street, Stratford, ON",(519) 305-1516
Ontario,London,Hyatt Mosque & Centre,"282 Hamilton Road, London, ON",(519) 488-5299
Ontario,London,MAC Westmount Centre,"312 Commissioners Road West, London, ON",(519) 936-2304
Ontario,London,Sarnia Muslim Association Mosque ,"1609 London Line, Sarnia, ON",(519) 541-1335
Ontario,Niagara,Mosque Aisha,"5550 Stanley Avenue, Niagara Falls, ON",(905) 347-2633
Ontario,Niagara,Masjid an-Nour,"117 Geneva Street, St. Catherines, ON",(905) 641-8007
Ontario,Niagara,Peace Mosque,"6735 Caledonia Street, Niagara Falls, ON",(289) 501-5158
Ontario,Niagara,Mosque Aisha Thorold,"70 Saint David Street East, Thorold, ON",(905) 347-2633
Ontario,Niagara,Islamic Society of the Niagara Peninsula,"6768 Lyons Creek Road, Niagara Falls, ON",(905) 295-4845
Ontario,Northern Ontario,ACMV,"1153 4e Avenue, Val-d Or, QC",(514) 632-7925
Ontario,Northern Ontario,Sudbury Mosque,"755 Churchill Avenue, Sudbury, ON",(705) 560-1271
Ontario,Northern Ontario,Thunder Bay Muslim Association,"591 John Street, Thunder Bay, ON",(807) 766-9644
Ontario,Northern Ontario,North Bay Mosque,"423 McPhail Street, North Bay, ON",(705) 744-5981
Ontario,Northern Ontario,Islamic Association of Sault Ste. Marie,"2 Towers Street, Sault Ste. Marie, ON",
Ontario,Northern Ontario,Northern Muslim Association,"468 Antwerp Avenue, Sudbury, ON",(705) 885-9905
Ontario,Northern Ontario,Islamic Centre of Northern Ontario,"1534 Pioneer Road, Sudbury, ON",(705) 522-0050
Ontario,Ottawa,Islamic Society of Cumberland,"4509 Innes Road, Ottawa, ON",(613) 841-0786
Ontario,Ottawa,As-Sahaba Musalla,"2835 Dumaurier Avenue, Ottawa, ON",(613) 321-5459
Ontario,Ottawa,Islamic Cultural Center Ottawa,"847 St Laurent Blvd, Ottawa, ON",(613) 747-1444
Ontario,Ottawa,Assunnah Mosque,"1216 Hunt Club Road, Ottawa, ON",(613) 247-0674
Ontario,Ottawa,South Nepean Muslim Association,"3020 Woodroffe Avenue, Ottawa, ON",(613) 440-6300
Ontario,Ottawa,Rhoda Masjid & Institute,"2871 Saint Joseph Boulevard, Ottawa, ON",(514) 799-1938
Ontario,Ottawa,Al Huda Musalla,"380 Terminal Avenue, Ottawa, ON",
Ontario,Ottawa,Taqwa Musalla,"117 Mann Avenue, Ottawa, ON",(613) 233-2845
Ontario,Ottawa,Dar Assunnah Musalla,"2401 Bank Street, Units 2 & 3, Ottawa, ON",(613) 247-0674
Ontario,Ottawa,Ottawa Main Mosque,"251 Northwestern Avenue, Ottawa, ON",
Ontario,Ottawa,Muslim Association of Canada,"1085 Grenon Avenue, Ottawa, ON",(613) 321-5000
Ontario,Ottawa,Assalaam Mosque/Ottawa Islamic Centre,"2335 St Laurent Blvd, Ottawa, ON",(613) 739-3939
Ontario,Ottawa,Jami Masjid Zakariya,"333 Second Street East, Cornwall, ON",(613) 931-2895
Ontario,Ottawa,Al-Rahma Musalla,"1967 St Laurent Blvd, Ottawa, ON",(613) 736-6547
Ontario,Ottawa,South Nepean Muslim Community (SNMC),"3131 Jockvale Road, Nepean, ON",(613) 725-5926
Ontario,Ottawa,The Mosque of Aylmer,"21 Park Street, Aylmer, QC",(819) 684-9299
Ontario,Ottawa,Bayshore Field House Musallah,"175 Woodridge Crescent, Ottawa, ON",
Ontario,Ottawa,467 Laurier Ave West Musalla,"467 Laurier Avenue West, Ottawa, ON",(613) 594-3911
Ontario,Ottawa,Islamic Center of Brockville,"36 Cambridge Crescent, Brockville, ON",(613) 802-7802
Ontario,Ottawa,Masjid Al-Itissam,"600 Boulevard des Laurentides, Laval, QC",(450) 668-4381
Ontario,Ottawa,Masjid-Daril-Salam,"1240 Donald Street, Gloucester, ON",(613) 742-6447
Ontario,Ottawa,Algonquin College Musallah,"1385 Woodroffe Avenue, Ottawa, ON",
Ontario,Ottawa,Hawkesbury Jame Masjid,"878 McGill Street, Hawkesbury, ON",
Ontario,Ottawa,KMA Musallah,"1120 March Road, Ottawa, ON",(613) 973-5000
Ontario,Ottawa,Riverside South Muslim Community,"740 Carnelian Crescent, Ottawa, ON",(613) 709-2329
Ontario,Ottawa,Jami Omar,"572 Moodie Drive, Ottawa, ON",(613) 828-4495
Ontario,Ottawa,Islamic Information Centre,"312 Lisgar Street, Ottawa, ON",(613) 232-0210
Ontario,Waterloo,Kitchener Masjid,"1017 Victoria Street North, Kitchener, ON",(519) 743-9111
Ontario,Waterloo,Cambridge Muslim Society Mosque,"282 Elgin Street North, Cambridge, ON",(519) 623-0568
Ontario,Waterloo,Islamic Centre of Cambridge,"1550 Dunbar Road, Cambridge, ON",(519) 740-6855
Ontario,Waterloo,Muslim Association of Canada,"44 Marlborough Road, Guelph, ON",(519) 767-0097
Ontario,Waterloo,Ertugrul Education Society,"312 Lawrence Avenue, Kitchener, ON",(519) 954-1773
Ontario,Waterloo,Muslim Society of Guelph,"286 Water Street, Guelph, ON",(519) 767-0097
Ontario,Waterloo,Zawiya Fellowship,"55 Victoria Avenue, Cambridge, ON",(226) 600-7490
Ontario,Waterloo,Waterloo Masjid,"213 Erb Street West, Waterloo, ON",(519) 886-8470
Ontario,Waterloo,AbuBakr Masjid,"126 Norwich Street East, Guelph, ON",(519) 826-6739
Ontario,Windsor,Windsor Islamic Association,"1320 Northwood Street, Windsor, ON",(519) 966-2355
Ontario,Windsor,Al-Hijra Mosque,"5100 Howard Avenue, Windsor, ON",(519) 966-0846
Ontario,Windsor,Rose City Islamic Centre,"5420 Empress Street, Windsor, ON",(519) 948-4500
Ontario,Windsor,West Windsor Musallah,"3330 Bloomfield Road, Windsor, ON",
Ontario,Windsor,Noor E Isam Mosque,"747 Lincoln Road, Windsor, ON",(519) 971-7334
Ontario,Windsor,Leamington Musalla,"10 Mill Street West, Leamington, ON",
Ontario,Windsor,Jami Masjid Chatham ,"416 Lacroix Street, Chatham-Kent, ON",
Quebec,Eastern Quebec,Centre Culturel Islamique de l'Estrie (CCIE),"1200 Rue Massé, Sherbrooke, QC",(819) 820-1566
Quebec,Eastern Quebec,Centre Islamique Les Maskoutains,"2340 Avenue Saint Joseph, Saint-Hyacinthe, QC",
Quebec,Eastern Quebec,Centre Islamique de Rimouski ,"111 Rue St-Jean-Baptiste Est, Rimouski, QC",(418) 723-1212
Quebec,Greater Montréal,Al Baitu'l Mukarram Mosque,"4225 Avenue de Courtrai, Montréal, QC",(514) 737-8671
Quebec,Greater Montréal,Nour Al-Islam Mosque,"10395 Avenue Pelletier, Montréal-Nord, QC",(514) 325-7322
Quebec,Greater Montréal,Makkah-al-Mukarramah Mosque,"11900 Gouin Blvd. West, Pierrefonds, QC",(514) 421-1455
Quebec,Greater Montréal,Mosquée Al Rawdah,"12253 Boulevard Laurentien, Montréal, QC",(514) 832-0361
Quebec,Greater Montréal,Canadian Islamic Centre Aljamieh,"241 rue Anselme Lavigne, Dollard-des-Ormeaux, QC",(514) 624-5833
Quebec,Greater Montréal,Mosquée Khadijah,"2385 Rue du Centre, Montréal, QC",(514) 939-0681
Quebec,Greater Montréal,Aisha Islamic Center,"425 Rue de l'Aqueduc, Montreal, QC",(514) 878-2573
Quebec,Greater Montréal,Masjid al-Jisr,"3005 Boulevard Cartier Ouest, Laval, QC",(450) 681-2133
Quebec,Greater Montréal,Mosquee Assalam,"8988 Boulevard St-Michel, Montréal, QC",
Quebec,Greater Montréal,Muslim Community Center of Longueuil,"1398 Chemin de Chambly, Longueuil, QC",(450) 321-1225
Quebec,Greater Montréal,Ass'n Musulmane Turque De Montréal,"416 Boulevard Neptune, Dorval, QC",(514) 636-2827
Quebec,Greater Montréal,CIIC,"615 Rue Belmont, Montréal, QC",(514) 508-2444
Quebec,Greater Montréal,Association de la Paix de Chambly,"1691 Boulevard de Périgny, Chambly, QC",(450) 593-1870
Quebec,Greater Montréal,Centre Culturel Islamique de Vaudreuil Soulanges,"100 Boulevard Harwood, Vaudreuil-Dorion, QC",(450) 218-3687
Quebec,Greater Montréal,Al Umma Al Islamyah Mosque,"1245 St. Dominique, Montréal, QC",(514) 879-9677
Quebec,Greater Montréal,Abou Baker Al-Sedik Mosque,"7389 St. Laurent, Montréal, QC",(514) 279-6251
Quebec,Greater Montréal,Islamic Centre of Quebec,"2520 Laval Road, Ville St. Laurent, QC",(514) 331-1770
Quebec,Greater Montréal,Al Qods Mosque,"2465 Belanger Est, Montreal, QC",(514) 729-5737
Quebec,Greater Montréal,Darus'Salam Mosque,"17075 Rue Omer, Montreal, QC",(514) 696-1835
Quebec,Greater Montréal,Association Cote des Beiges,"6550 Avenue de Darlington, Montréal, QC",(514) 736-5023
Quebec,Greater Montréal,Centre Islamique Badr,"8625 Boulevard Langelier, Saint-Léonard, QC",(514) 255-6460
Quebec,Greater Montréal,Dar Al Arqam Mosque,"3661, rue Jean-Talon Est, Montreal, QC",(514) 374-9572
Quebec,Greater Montréal,Muslim Community of Quebec,"7445 Chester Avenue, NDG, Montréal, QC",(514) 484-2967
Quebec,Greater Montréal,Ecole Dar Al Iman,"4505 Henri-Bourassa West, Ville St. Laurent, QC",(514) 334-4153
Quebec,Greater Montréal,Masjid Al Bayan,"2464 Rue Sauvé Est, Montreal, QC",
Quebec,Greater Montréal,Salahouddine Mosque,"6691 Avenue Du Parc, Montréal, QC",(514) 274-0011
Quebec,Greater Montréal,Centre Islamique du West Island,"3675 Boulevard Saint-Jean, Dollard-des-Ormeaux, QC",(514) 624-6397
Quebec,Greater Montréal,Masjid Altawheed,"6130 Rue Jean-Talon Est, Saint-Léonard, QC",(514) 223-2353
Quebec,Greater Montréal,Baitul Ma'moor,"2833 Ontario Street East, Montreal, QC",(514) 525-5364
Quebec,Greater Montréal,Masjid At Tassamoh,"597 Boulevard Iberville, Repentigny, QC",(450) 932-3932
Quebec,Greater Montréal,Baitul Aman Masjid,"2188 Rue Frontenac, Montreal, QC",
Quebec,Greater Montréal,Centre Islamique de Verdun,"4590 Rue de Verdun, Montréal, QC",(514) 807-2535
Quebec,Greater Montréal,Al Flah Mosque (JFM) Markaz El Islam ,"1885 Rue Nielsen, Saint-Hubert, QC",(450) 443-3482
Quebec,Greater Montréal,Montreal Turkish Community Center,"3783 Rue Villeray East, St. Michel, QC",(514) 722-1835
Quebec,Greater Montréal,Mosque Teba,"3600 Avenue Van Horne, Montréal, QC",
Quebec,Greater Montréal,Faizan-e-Madina,"810 Rue Saint Roch, Montréal, QC",(514) 273-9509
Quebec,Greater Montréal,Al-Salam Mosque,"1232 Rue Stanley, Montréal, QC",(514) 545-5466
Quebec,Greater Montréal,Association Musulmane de Lachine,"1212 Rue Notre Dame, Montréal, QC",(514) 538-3862
Quebec,Greater Montréal,Centre Kawtar de Laval,"3871 Autoroute des Laurentides, Chomedey, QC",(450) 682-8055
Quebec,Greater Montréal,Masjid al-Furqaan,"Boulevard Arthur-Sauvé, Montreal, QC",
Quebec,Greater Montréal,Mosquée Al Huda,"9540 Boulevard Gouin Ouest, Pierrefonds, QC",(514) 685-8975
Quebec,Greater Montréal,Madinah Muslim Foundation,"764 Rue de Liège Ouest, Montreal, QC",
Quebec,Greater Montréal,Masjid Salafia Al Farouq,"3333 Boulevard Crémazie Est, Montreal, QC",(514) 439-1680
Quebec,Greater Montréal,Al-Andalous Islamic Center,"970 Boulevard Décarie, Saint Laurent, QC",(514) 360-2360
Quebec,Greater Montréal,Fatima Mosque,"2012 Rue St-Dominique, Montreal, QC",(514) 285-1893
Quebec,Greater Montréal,Association de la Mosquée Noor-E-Madina,"692 Rue Jean-Talon West, Montreal, QC",(514) 276-2459
Quebec,Greater Montréal,Mosque Madani,"12080 Boulevard Laurentien, Montreal, QC",(514) 331-0733
Quebec,Greater Montréal,Masjid Cheikh Zeid,"495 Avenue Lafleur, Lasalle, QC",(514) 558-9501
Quebec,Greater Montréal,Masjid Salafia Ibn Taymiyya,"9675 Avenue Papineau, Montreal, QC",
Quebec,Greater Montréal,Mosque Rayane,"110 Boulevard Curé-Labelle, Sainte-Thérèse, QC",
Quebec,Greater Montréal,Mosquee Salafia Dhoun-Nourain a Montreal,"5180 Queen Mary Road, Montreal, QC",
Quebec,Greater Montréal,Al-Madina Center,"1260 Rue Mackay, Montreal, QC",(514) 571-7883
Quebec,Greater Montréal,Centre Communautaire des Basses Laurentides,"3075 Chemin d'Oka, Sainte-Marthe-sur-le-Lac, QC",(438) 934-3075
Quebec,Greater Montréal,Centre Communautaire Musulman de Drummondville,"127 12e Av, Drummondville, QC",
Quebec,Greater Montréal,Centre Communautaire Al Hidayat,"5955 Rue Hochelaga, Montreal, QC",(514) 313-6903
Quebec,Greater Montréal,Centre Communautaire Islamique Al-Bayan,"5865 Boulevard Saint-Michel, Montréal, QC",(438) 877-8389
Quebec,Greater Montréal,Centre Culturel Islamique de Granby,"317 Rue Racine, Granby, QC",(450) 994-3091
Quebec,Greater Montréal,Al-Baina Islamic Centre,"345 Boulevard Crémazie Ouest, Montréal, QC",
Quebec,Greater Montréal,Masjid Khalid bin Walid,"1330 Rue Antonio, Laval, QC",(450) 680-1612
Quebec,Quebec City,Mosquée AEMUL U Laval,"2225 Rue de l'Université, Quebec City, QC",(418) 656-2131
Quebec,Quebec City,Centre Culturel Islamique de Quebec,"2877 Chemin Sainte-Foy, Quebec, QC",(418) 683-1329
Quebec,Quebec City,Mosquée Annour,"796 Avenue Myrand, Sainte Foy, QC",(418) 683-1329
Quebec,Quebec City,Mosquée de la Capitale,"270 Rue Marie-de-l'Incarnation, Québec City, QC",
Quebec,Quebec City,Chapelle du Pavillon Ernest-Lemieux,"2325 Rue de la Vie-Étudiante, Quebec City, QC",
Quebec,Quebec City,Mosquee Al-Rahma,"363 Rue de la Couronne, Quebec City, QC",
Quebec,Trois-Rivières,Centre Culturel Islamique De La Mauricie,"3009 Boulevard des Forges, Trois-Rivières, QC",
Quebec,Western Quebec,The Outaouais Islamic Centre,"4 Lois Street, Gatineau, QC",(819) 776-1831
Quebec,Western Quebec,Mosque of Aylmer,"21 Rue Park, Gatineau, QC",(819) 684-9299
Saskatchewan,Other Saskatchewan,Islamic Centre of Swift Current,"25 Central Avenue South, Swift Current, SK",(306) 778-3311
Saskatchewan,Other Saskatchewan,Mercy Mosque,"808 Daschle Street, Mercy, SK",
Saskatchewan,Other Saskatchewan,Lloydminster Islamic Centre,"4610 49 Ave, Lloydminster, SK",(780) 874-0523
Saskatchewan,Regina,Islamic Association of Saskatchewan,"3273 Montague Street, Regina, SK",(306) 585-3909
Saskatchewan,Regina,Madni Islamic Center & Mosque,"639 Pasqua Street North, Regina, SK",
Saskatchewan,Regina,Musallah Al-Noor,"1450 Park Street, Regina, SK",
Saskatchewan,Regina,Estevan Islamic Center,"8-508 12th Avenue, Estevan, SK",(306) 471-0550
Saskatchewan,Regina,Glencairn Neighbourhood Recreation Centre (Jumaa Only),"2626 Dewdney Avenue East, Regina, SK",
Saskatchewan,Regina,Baitul Mukkarram,"1237 Albert Street, Regina, SK",
Saskatchewan,Regina,Moose Jaw Islamic Center ,"361 Main Street North, Moose Jaw, SK",(306) 313-1358
Saskatchewan,Regina,Musallah Al-Khair,"2 Sheppard Street, Regina, SK",(306) 585-0090
Saskatchewan,Saskatoon,Islamic Association of Saskatoon,"222 Copland Crescent, Saskatoon, SK",(306) 665-6424
Saskatchewan,Saskatoon,West Side Mosque,"3350 Fairlight Drive, Saskatoon, SK",(306) 261-4456
Saskatchewan,Saskatoon,Prince Albert Muslim Association,"2727 Second Avenue West, Prince Albert, SK",(306) 500-5969
Saskatchewan,Saskatoon,Battlefords Mosque,"1761 99 Street, North Battleford, SK",(306) 937-0786
Saskatchewan,Saskatoon,Jamia Riyadhul Jannah Saskatoon,"2233 Hanselman Avenue, Saskatoon, SK",(306) 262-1023
